category,value_count,value_mean,value_std,value_min,value_max
A,4,11.5,1.2909944487358056,10,13
B,3,15.666666666666666,2.0816659994661326,14,18
C,3,27.666666666666668,2.516611478423583,25,30
